rank,issue_number,title,url,labels,opened_by,opened_on,status
1,1959,Templating: Reuse template variable definitions across dashboards,https://github.com/grafana/grafana/issues/1959,,,,Open
2,8408,[Feature request] Per-panel variables,https://github.com/grafana/grafana/issues/8408,,,,Open
3,1032,Allow custom mapping of template variable value -> display text,https://github.com/grafana/grafana/issues/1032,,,,Open
4,19777,[Feature Request] Matrix Notification Channel,https://github.com/grafana/grafana/issues/19777,,,,Open
5,773,Support for playlist with templating variables,https://github.com/grafana/grafana/issues/773,,,,Open
6,5329,Template variables per row,https://github.com/grafana/grafana/issues/5329,,,,Open
7,17092,[Feature] Custom Default Colors Palette,https://github.com/grafana/grafana/issues/17092,,,,Open
8,67346,Public dashboards: template variables support,https://github.com/grafana/grafana/issues/67346,,,,Open
9,4288,[Feat Req]: Data source & dashboard limits on time range,https://github.com/grafana/grafana/issues/4288,,,,Open
10,10786,Support dashboard variables in dashboard provisioning,https://github.com/grafana/grafana/issues/10786,,,,Open
11,4252,Feature Request:  decimal mark with comma and thousand separator with dot,https://github.com/grafana/grafana/issues/4252,,,,Open
12,10916,Add panel groups,https://github.com/grafana/grafana/issues/10916,,,,Open
13,73439,"Dashboards: Variable in ""Value Mappings"", ""Thresholds""",https://github.com/grafana/grafana/issues/73439,,,,Open
14,27677,"Push official images to Quay, in addition to Docker Hub",https://github.com/grafana/grafana/issues/27677,,,,Open
15,79874,Canvas: Request flowcharting features to be implemented/migrated into canvas plugin,https://github.com/grafana/grafana/issues/79874,,,,Open
16,7363,[Feature Request] Graph tooltip that includes a total aggregation but still has individual values,https://github.com/grafana/grafana/issues/7363,,,,Open
17,4156,Feature Request:  Y axis auto min/max that aligns min/max across many graphs,https://github.com/grafana/grafana/issues/4156,,,,Open
18,174,Auto-save option,https://github.com/grafana/grafana/issues/174,,,,Open
19,84909,Loki metadata available at variable's querying,https://github.com/grafana/grafana/issues/84909,,,,Open
20,8799,Time series: Better touch interactions for mobile,https://github.com/grafana/grafana/issues/8799,,,,Open
21,9085,[Feature request] Horizontal annotations,https://github.com/grafana/grafana/issues/9085,,,,Open
22,12290,Pick annotation color based on tag value,https://github.com/grafana/grafana/issues/12290,,,,Open
23,76777,Threshold Colors for Sparkline Cell Type,https://github.com/grafana/grafana/issues/76777,,,,Open
24,11409,Installing & enabling plugins through provisioning,https://github.com/grafana/grafana/issues/11409,,,,Open
25,11495,[Feat] Export/show data source configuration as YAML,https://github.com/grafana/grafana/issues/11495,,,,Open
26,13706,IFrame dashboard and prevent any navigation,https://github.com/grafana/grafana/issues/13706,,,,Open
27,77551,Loki: Add live streaming to dashboard,https://github.com/grafana/grafana/issues/77551,,,,Open
28,73099,UX: Panel title is not centered (from Community Forum),https://github.com/grafana/grafana/issues/73099,,,,Open
29,15490,Introduce boolean template variable type (presented as Switch/checkbox in UI),https://github.com/grafana/grafana/issues/15490,,,,Open
30,6252,Feature req: Support nanosecond resolution,https://github.com/grafana/grafana/issues/6252,,,,Open
31,15045,Support configure http proxy per datasource,https://github.com/grafana/grafana/issues/15045,,,,Open
32,12878,Detect changes to datasources when using provisioning,https://github.com/grafana/grafana/issues/12878,,,,Open
33,6865,[Feature request] Percent values in legend and tooltip,https://github.com/grafana/grafana/issues/6865,,,,Open
34,67466,Can't load alerting rules if datasource different from prometheus or loki,https://github.com/grafana/grafana/issues/67466,,,,Open
35,73440,Explore: Allow saving visualization/data settings,https://github.com/grafana/grafana/issues/73440,,,,Open
36,10918,Support OR operation between Adhoc filters,https://github.com/grafana/grafana/issues/10918,,,,Open
37,79551,Geomap: Allow layer selection on dashboard,https://github.com/grafana/grafana/issues/79551,,,,Open
38,46247,"Library panels not working with provisioned dashboards, fail with: Panel plugin not found: Name: ""..."", UID: ""...""",https://github.com/grafana/grafana/issues/46247,,,,Open
39,18292,Allow to add new users to team before accepting invite,https://github.com/grafana/grafana/issues/18292,,,,Open
40,27984,Configurable TLS cipher order?,https://github.com/grafana/grafana/issues/27984,,,,Open
41,83018,Allow edits of entire Slack / MS Teams message including e.g. buttons and not just the text,https://github.com/grafana/grafana/issues/83018,,,,Open
42,82943,Support Prometheus /graph api,https://github.com/grafana/grafana/issues/82943,,,,Open
43,82973,Make row collapsed option a url parameter,https://github.com/grafana/grafana/issues/82973,,,,Open
44,8304,Allow monospaced font for legends,https://github.com/grafana/grafana/issues/8304,,,,Open
45,69836,Allow using $__rate_interval in Panel Title,https://github.com/grafana/grafana/issues/69836,,,,Open
46,73911,Alerting: let users with viewers_can_edit right create silences,https://github.com/grafana/grafana/issues/73911,,,,Open
47,80398,Dashboards: Starred dashboards cleared after Grafana POD restart,https://github.com/grafana/grafana/issues/80398,,,,Open
48,6932,[Feature request] highlight graph line by hovering legend,https://github.com/grafana/grafana/issues/6932,,,,Open
49,11772,[Feature request] Level lines on heatmap panels,https://github.com/grafana/grafana/issues/11772,,,,Open
50,8788,[Feat Req]: Graph panel - Option to normalize histogram,https://github.com/grafana/grafana/issues/8788,,,,Open
51,93699,Ability to put value inside Donut (Pie) chart,https://github.com/grafana/grafana/issues/93699,,,,Open
52,81513,[Alerting] Allow a configuration to disable creation of Grafana managed alerts,https://github.com/grafana/grafana/issues/81513,,,,Open
53,107158,provisioning.dashboard support nested folders,https://github.com/grafana/grafana/issues/107158,,,,Open
54,82979,Colors: Support unique color by value across fields,https://github.com/grafana/grafana/issues/82979,,,,Open
55,83013,"Table: Sort value mapped column by display text, not by value",https://github.com/grafana/grafana/issues/83013,,,,Open
56,1365,"Background color of ""graph panel"" based on value",https://github.com/grafana/grafana/issues/1365,,,,Open
57,82586,An AI Agent that write queries to the data source based on a natural language question,https://github.com/grafana/grafana/issues/82586,,,,Open
58,87367,Increase Panel Text Font Size,https://github.com/grafana/grafana/issues/87367,,,,Open
59,78526,Change default values of data options in panel inspector,https://github.com/grafana/grafana/issues/78526,,,,Open
60,90714,Support ntfy.sh as an alerting integration,https://github.com/grafana/grafana/issues/90714,,,,Open
61,76920,No-data handling for multi-dimensional alerts,https://github.com/grafana/grafana/issues/76920,,,,Open
62,77545,Add support for mentioning user and/or channel in MS Teams,https://github.com/grafana/grafana/issues/77545,,,,Open
63,67300,feature request: hide Alerting tab for users without permissions / anonymous users,https://github.com/grafana/grafana/issues/67300,,,,Open
64,85570,[PromQL] Support sort_by_label and sort_by_label_desc,https://github.com/grafana/grafana/issues/85570,,,,Open
65,99936,[New Data Source]: Apache Arrow Flight SQL,https://github.com/grafana/grafana/issues/99936,,,,Open
66,80349,Alerting: add provisioning of ngalert alertmanagersChoice,https://github.com/grafana/grafana/issues/80349,,,,Open
67,76638,Add Azure Entra/AD Authentication to PostgreSQL Plugin,https://github.com/grafana/grafana/issues/76638,,,,Open
68,107216,Panel/News: News panel shows when news_feed_enable: false is set,https://github.com/grafana/grafana/issues/107216,,,,Open
69,73438,"Table Panel: Activate the ""Font size"" option",https://github.com/grafana/grafana/issues/73438,,,,Open
70,75669,nestedFolders: Allow folder editors/admins to create subfolders,https://github.com/grafana/grafana/issues/75669,,,,Open
71,34037,"""token pass through"" feature for JWT Authentication",https://github.com/grafana/grafana/issues/34037,,,,Open
72,37948,Can't add 'Config from query results' after transform,https://github.com/grafana/grafana/issues/37948,,,,Open
73,91614,Feature Request: Combined Panel with Shared (Time) Axis,https://github.com/grafana/grafana/issues/91614,,,,Open
74,16120,Add Icinga2 as Notification Channel,https://github.com/grafana/grafana/issues/16120,,,,Open
75,92974,"Alerting: NoData prevents ""A or B"" rules from firing",https://github.com/grafana/grafana/issues/92974,,,,Open
76,74261,Logs: Allow Multi-line log-entries in Grafana Logs View to be collapsable and expandable,https://github.com/grafana/grafana/issues/74261,,,,Open
77,110265,Dashboard: Annotations No Longer Work When Toggled Off By Default,https://github.com/grafana/grafana/issues/110265,,,,Open
78,98755,"Transformations: Add ""concatenate"" operation that allows for templating",https://github.com/grafana/grafana/issues/98755,,,,Open
79,53359,Only one annotation is shown when multiple Annotations have the same dateTime,https://github.com/grafana/grafana/issues/53359,,,,Open
80,92454,Allow the editing of file provisioned alerts in the UI,https://github.com/grafana/grafana/issues/92454,,,,Open
81,82851,Export data sources to provisioning datasource.yml,https://github.com/grafana/grafana/issues/82851,,,,Open
82,95431,[New Data Source]: NocoDB,https://github.com/grafana/grafana/issues/95431,,,,Open
83,5558,[Feature request] - Custom times for playlists,https://github.com/grafana/grafana/issues/5558,,,,Open
84,16193,Create docker tags for main grafana releases of supported versions,https://github.com/grafana/grafana/issues/16193,,,,Open
85,35838,Epic: better number formatting strategy,https://github.com/grafana/grafana/issues/35838,,,,Open
86,82962,Make datasource UID editable in GUI,https://github.com/grafana/grafana/issues/82962,,,,Open
87,72878,Geomap: Route layer is connecting first and last data points of grouped data,https://github.com/grafana/grafana/issues/72878,,,,Open
88,74578,Track who created or modified an alert rule,https://github.com/grafana/grafana/issues/74578,,,,Open
89,24594,Make Grafana easier to reverse-proxy,https://github.com/grafana/grafana/issues/24594,,,,Open
90,83017,Provision public dashboards,https://github.com/grafana/grafana/issues/83017,,,,Open
91,79410,Prometheus DS: Support Google Authentication,https://github.com/grafana/grafana/issues/79410,,,,Open
92,120387,Make ResendDelay configurable,https://github.com/grafana/grafana/issues/120387,,,,Open
93,91551,Standard Options: Min/Max with Variables,https://github.com/grafana/grafana/issues/91551,,,,Open
94,103076,Grafana/Migrations: Unable to create unique index UQE_alert_rule_version_rule_guid_version,https://github.com/grafana/grafana/issues/103076,,,,Open
95,82584,Hide Alerting Contact points and Notification policies from Viewer Role,https://github.com/grafana/grafana/issues/82584,,,,Open
96,76071,Feature Request: Public Playlists,https://github.com/grafana/grafana/issues/76071,,,,Open
97,63339,Alerting: Alert Condition does not work if Math contains an OR operator,https://github.com/grafana/grafana/issues/63339,,,,Open
98,59297,Loki: Dashboard variables from parsed labels,https://github.com/grafana/grafana/issues/59297,,,,Open
99,111494,Auth: Grafana leaks Oauth2 access token if not recognized as JWT,https://github.com/grafana/grafana/issues/111494,,,,Open
100,28981,MixedDatasource: Support streaming from many different data sources,https://github.com/grafana/grafana/issues/28981,,,,Open
101,73449,Elasticsearch: Support multiple elasticsearch nodes,https://github.com/grafana/grafana/issues/73449,,,,Open
102,91263,[New Data Source] Stripe,https://github.com/grafana/grafana/issues/91263,,,,Open
103,65115,enabling wal = true in grafana.ini as default for Grafana SQLite installation,https://github.com/grafana/grafana/issues/65115,,,,Open
104,96407,Alerting: /alerting/Prometheus/<AlertName>/find loads all rules instead of the individual rule,https://github.com/grafana/grafana/issues/96407,,,,Open
105,82312,Transforms: No way to join the results from 3 queries into single Dataframe,https://github.com/grafana/grafana/issues/82312,,,,Open
106,58482,Geomap: Support template variable interpolation in XYZ tile layer URL,https://github.com/grafana/grafana/issues/58482,,,,Open
107,13325,Sort series on X axis,https://github.com/grafana/grafana/issues/13325,,,,Open
108,95006,"[11.2.2+security-01] logs : error=""invalid user agent format""",https://github.com/grafana/grafana/issues/95006,,,,Open
109,90958,Adding label matching options to Mute Timings,https://github.com/grafana/grafana/issues/90958,,,,Open
110,54844,Node Graph does not look for renaming transformations,https://github.com/grafana/grafana/issues/54844,,,,Open
111,112802,Support M365 SMTP OAuth authentication for mail notifications,https://github.com/grafana/grafana/issues/112802,,,,Open
112,89982,Pending time option for No Data alerts,https://github.com/grafana/grafana/issues/89982,,,,Open
113,41687,Using queries and dashboard variables in panel settings,https://github.com/grafana/grafana/issues/41687,,,,Open
114,77491,Epic: Configuration from query transformation improvments,https://github.com/grafana/grafana/issues/77491,,,,Open
115,104275,Geomap: only single marker tooltip shown,https://github.com/grafana/grafana/issues/104275,,,,Open
116,82783,Allow to disable/hide Grafana Managed Alerts,https://github.com/grafana/grafana/issues/82783,,,,Open
117,51525,$__timeGroup should respect the browser time-zone to align groups,https://github.com/grafana/grafana/issues/51525,,,,Open
118,11464,Prometheus histogram as stacked chart over time,https://github.com/grafana/grafana/issues/11464,,,,Open
119,118274,Add methanism for fallback contact points,https://github.com/grafana/grafana/issues/118274,,,,Open
120,82966,Rows: Repeating rows does not work with shared query / dashboard data source,https://github.com/grafana/grafana/issues/82966,,,,Open
121,94344,State Timeline: Support aligning the series name on the left or right,https://github.com/grafana/grafana/issues/94344,,,,Open
122,13786,[FeatureRequest] Annotations: Prepopulate tags when creating an annotation when annotations are filtered by tags,https://github.com/grafana/grafana/issues/13786,,,,Open
123,9393,[Feature request] Allow customizing how many Y-axis grid values are shown,https://github.com/grafana/grafana/issues/9393,,,,Open
124,89661,"grafana 11.1.0 fails to run with http_addr set to ""localhost""",https://github.com/grafana/grafana/issues/89661,,,,Open
125,81434,When trying to make a node graph using postgres data I get: cannot read properties of undefined ( reading 'nodeRadius' ),https://github.com/grafana/grafana/issues/81434,,,,Open
126,75968,Can't define PostgreSQL schema to use in grafana.ini [database] section.,https://github.com/grafana/grafana/issues/75968,,,,Open
127,91081,LDAP authentication: admin_user tried via LDAP first,https://github.com/grafana/grafana/issues/91081,,,,Open
128,105081,Canvas Panel: switching dashboard to edit mode works very slow and may break the page,https://github.com/grafana/grafana/issues/105081,,,,Open
129,82079,Request for Logarithmic Scale Option for Bar Gauge,https://github.com/grafana/grafana/issues/82079,,,,Open
130,82981,Support hashed passwords,https://github.com/grafana/grafana/issues/82981,,,,Open
131,85377,Implement Left/Right Join for Join by Field transformation,https://github.com/grafana/grafana/issues/85377,,,,Open
132,104786,Transformations - Add field from calculation: Binary operation: Result cannot be used in next transformation when using a ${variable},https://github.com/grafana/grafana/issues/104786,,,,Open
133,93585,Alert List Stat view: Allow to set thresholds,https://github.com/grafana/grafana/issues/93585,,,,Open
134,93408,Dashboard Variables - location on dashboard - simple and flexible method for dynamic arrangement,https://github.com/grafana/grafana/issues/93408,,,,Open
135,106678,Dashboards: Data links double URL encode strings,https://github.com/grafana/grafana/issues/106678,,,,Open
136,93366,Alerting: Export json encoded fields to HCL using jsonencode function,https://github.com/grafana/grafana/issues/93366,,,,Open
137,98712,Bar Chart and Timeseries: Add Option to disable '(right y-axis)' legend bloat,https://github.com/grafana/grafana/issues/98712,,,,Open
138,77583,"Tempo TraceQL: show ""select"" fields in the collapsed Traces table view",https://github.com/grafana/grafana/issues/77583,,,,Open
139,26350,OAuth: Support OIDC Hybrid Flow,https://github.com/grafana/grafana/issues/26350,,,,Open
140,87949,Allow to use variables in Alert Rule's Panel Screenshot,https://github.com/grafana/grafana/issues/87949,,,,Open
141,82857,XYChart: Support for regression lines,https://github.com/grafana/grafana/issues/82857,,,,Open
142,81425,"Update/DB migration from 10.2.3 to 10.3.1 - disk I/O error: read-only file system , if only /var/lib/grafana is writable (in AWS ECS)",https://github.com/grafana/grafana/issues/81425,,,,Open
143,70311,[feature-request] select a specific legend item inside the panel without clicking the mouse,https://github.com/grafana/grafana/issues/70311,,,,Open
144,82639,Remove Default Contact Points and Notification Policies,https://github.com/grafana/grafana/issues/82639,,,,Open
145,98495,"""Zoom to Data"" automatically",https://github.com/grafana/grafana/issues/98495,,,,Open
146,109936,Table: allow nested table and sparkline field overrides,https://github.com/grafana/grafana/issues/109936,,,,Open
147,115395,Dashboard: Regresion on Stat label font size computation,https://github.com/grafana/grafana/issues/115395,,,,Open
148,114270,Support environment variable substitution in Grafana dashboards,https://github.com/grafana/grafana/issues/114270,,,,Open
149,120686,Alerting: Support for GitSync,https://github.com/grafana/grafana/issues/120686,,,,Open
150,94379,Geomap: improve network layer with network weathermap behavior,https://github.com/grafana/grafana/issues/94379,,,,Open
151,89393,Truncating Telegram HTML/Markdown alerts returns 400,https://github.com/grafana/grafana/issues/89393,,,,Open
152,102548,Dashboards: Query variable doesn't allow repeated values with different labels.,https://github.com/grafana/grafana/issues/102548,,,,Open
153,57961,Alerting: No Data in Classic Conditions are confusing and do not behave as expected,https://github.com/grafana/grafana/issues/57961,,,,Open
154,29113,Download CSV with returned rows when Column filter applied,https://github.com/grafana/grafana/issues/29113,,,,Open
155,110348,Drop Down or Autocomplete for Silences Labels/Values,https://github.com/grafana/grafana/issues/110348,,,,Open
156,71260,Grafana table column ordering changes on refresh,https://github.com/grafana/grafana/issues/71260,,,,Open
157,113310,Git Sync: Enforce branch name and PR title prefixes,https://github.com/grafana/grafana/issues/113310,,,,Open
158,69166,Support setting dashboard variables from annotations,https://github.com/grafana/grafana/issues/69166,,,,Open
159,64899,Auto-refresh triggers zoom refresh when zoom-in is performed,https://github.com/grafana/grafana/issues/64899,,,,Open
160,100590,org_mapping: Org mappings is ignored when user is grafana admin from role_attribute_path,https://github.com/grafana/grafana/issues/100590,,,,Open
161,97652,Notification templates : editor transforms firing to resolved,https://github.com/grafana/grafana/issues/97652,,,,Open
162,109172,Dashboard: Row-specific variables,https://github.com/grafana/grafana/issues/109172,,,,Open
163,84712,Annotations: Lazy-loaded panels do not show annotations until refreshed,https://github.com/grafana/grafana/issues/84712,,,,Open
164,114015,Dashboards: “Unsaved changes” banner appears on every interaction after saving while staying in edit mode (Grafana 12.2.0),https://github.com/grafana/grafana/issues/114015,,,,Open
165,86997,<PanelRenderer/> will always autoscroll to bottom on re-render,https://github.com/grafana/grafana/issues/86997,,,,Open
166,114341,Logs: Allow toggling detected_level,https://github.com/grafana/grafana/issues/114341,,,,Open
167,105647,TraceView: sub path not striped in span link button,https://github.com/grafana/grafana/issues/105647,,,,Open
168,108240,Assuming AWS IAM Role Using GCP Service Account (OIDC Federation) in CloudWatch Data Source,https://github.com/grafana/grafana/issues/108240,,,,Open
169,87186,GeoMap Panel Marker Icons Size Scale Dynamically relative to Zoom,https://github.com/grafana/grafana/issues/87186,,,,Open
170,93776,"Variable formatter: 'split' prior to interpolation, chainable with other existing variable formatters",https://github.com/grafana/grafana/issues/93776,,,,Open
171,116175,Dashboards: Prometheus Metadata Only Populates in Builder Mode (not Code Mode),https://github.com/grafana/grafana/issues/116175,,,,Open
172,83005,Support specifying an alternative gravatar-compatible address,https://github.com/grafana/grafana/issues/83005,,,,Open
173,116947,Use resource's status.conversion.source to remove redundant API fallback pattern in dashboard,https://github.com/grafana/grafana/issues/116947,,,,Open
174,116669,Azure Monitor: Resource groups with multiple subscriptions,https://github.com/grafana/grafana/issues/116669,,,,Open
175,105049,Providing Custom Gazetteer File,https://github.com/grafana/grafana/issues/105049,,,,Open
176,68908,UX: Add a button to show logs for the trace,https://github.com/grafana/grafana/issues/68908,,,,Open
177,30048,Using $__range variable in legend,https://github.com/grafana/grafana/issues/30048,,,,Open
178,76456,Allow plugins to store dashboards in a custom folder,https://github.com/grafana/grafana/issues/76456,,,,Open
179,98689,"Alerting: Provisioning alerts from yaml file with anchor overrides fails with 'mapping key ""<<"" already defined at line' in Grafana 9.4.0 onwards",https://github.com/grafana/grafana/issues/98689,,,,Open
180,71804,"State timeline, value mapping broken",https://github.com/grafana/grafana/issues/71804,,,,Open
181,95785,"Time Series/Library Panel: Color scheme ""From Thresholds"" is not saved",https://github.com/grafana/grafana/issues/95785,,,,Open
182,101032,Add option to time picker to revert to dashboard default,https://github.com/grafana/grafana/issues/101032,,,,Open
183,105808,Dashboards :  Memory leak and crashes editing in grafana v12,https://github.com/grafana/grafana/issues/105808,,,,Open
184,96957,Enable Dashboard-to-Scenes Transformation for Rapid Development,https://github.com/grafana/grafana/issues/96957,,,,Open
185,107072,Alerting: Error on alert state history load: ruleUID is required to query annotations,https://github.com/grafana/grafana/issues/107072,,,,Open
186,94559,Alerts - Link dashboard and panel with configurable dashboard parameters,https://github.com/grafana/grafana/issues/94559,,,,Open
187,35913,Histogram: percentile annotations,https://github.com/grafana/grafana/issues/35913,,,,Open
188,91486,Repeat query for data source,https://github.com/grafana/grafana/issues/91486,,,,Open
189,106240,Gauge: setting neutral/min/max from query,https://github.com/grafana/grafana/issues/106240,,,,Open
190,43347,Contact Points and Notification Policies disappeared,https://github.com/grafana/grafana/issues/43347,,,,Open
191,88834,"Text Panel: add variables representing current hostname, port, base path to allow more flexible link creation",https://github.com/grafana/grafana/issues/88834,,,,Open
192,106043,"Database: duplicate key value violates unique constraint ""cache_data_pkey""",https://github.com/grafana/grafana/issues/106043,,,,Open
193,80666,Dashbord import replace $DS_PROMETHEUS to hardcoded value when import via web ui but not when do it by code.,https://github.com/grafana/grafana/issues/80666,,,,Open
194,92699,"Grafana Cloud Loki data source: ""log to trace"" of the built-in Loki data source is broken for the new OTel logs format",https://github.com/grafana/grafana/issues/92699,,,,Open
195,84327,Grafana Canvas Button ON Click publish MQTT message,https://github.com/grafana/grafana/issues/84327,,,,Open
196,93060,Adjust client/server span times to account for clock skew,https://github.com/grafana/grafana/issues/93060,,,,Open
197,103067,[Geo-Map] support different map projections,https://github.com/grafana/grafana/issues/103067,,,,Open
198,86565,Alerting: Discord alert message is above the title,https://github.com/grafana/grafana/issues/86565,,,,Open
199,82393,"Transformations: Support Multi-Select in dashboard-variables, used in Filter-by-value",https://github.com/grafana/grafana/issues/82393,,,,Open
200,104185,Grafana 11.5.3: Slow dashboard loading,https://github.com/grafana/grafana/issues/104185,,,,Open
201,41075,[State timeline] merge equal consecutive values no longer does what it say,https://github.com/grafana/grafana/issues/41075,,,,Open
202,88110,"Annotation - Allow Annotation for other Visualization Panels (Table, Bar / Pie Charts, etc)",https://github.com/grafana/grafana/issues/88110,,,,Open
203,92933,Add support to alert on the result of an outer join expression,https://github.com/grafana/grafana/issues/92933,,,,Open
204,81964,Support $__to and $__from variables from UTC,https://github.com/grafana/grafana/issues/81964,,,,Open
205,97279,Specify timeline range per panel,https://github.com/grafana/grafana/issues/97279,,,,Open
206,119406,Dashboards: Map one variable to multiple values is unavailable in OSS 12.4 regardless whether scenes is enabled or not,https://github.com/grafana/grafana/issues/119406,,,,Open
207,93118,Dashboards: Vertical zoom snaps to the top of the y-axis when you move your mouse past the bottom of the y-axis,https://github.com/grafana/grafana/issues/93118,,,,Open
208,116931,Alerting: State history Prometheus backend does not support Tenancy ID,https://github.com/grafana/grafana/issues/116931,,,,Open
209,12899,Official docker image for Grafana,https://github.com/grafana/grafana/issues/12899,,,,Open
210,92969,"Dashboard Panels: in v11 hidden queries executed with ""mixed"" datasource",https://github.com/grafana/grafana/issues/92969,,,,Open
211,98466,Frontend should respond to change of system preferred theme without manual reload,https://github.com/grafana/grafana/issues/98466,,,,Open
212,116490,Feature Request: Dashboard templates served directly from filesystem without database storage for multi-tenant deployments,https://github.com/grafana/grafana/issues/116490,,,,Open
213,114595,[Azure Monitor] Resource Graph pagination support in queries,https://github.com/grafana/grafana/issues/114595,,,,Open
214,113222,[S3 Bucket]: <AWS>,https://github.com/grafana/grafana/issues/113222,,,,Open
215,97991,Dashboard: Time picker: Ability to save and label specific time ranges,https://github.com/grafana/grafana/issues/97991,,,,Open
216,102257,"CORS Error: ""Origin Not Allowed"" When Adding Data Source Behind NGINX Reverse Proxy Grafana v11.4.1 (bcb04ab63b)",https://github.com/grafana/grafana/issues/102257,,,,Open
217,79549,Geomap: Support donut clustering,https://github.com/grafana/grafana/issues/79549,,,,Open
218,87500,Ask for consent before sending statistics,https://github.com/grafana/grafana/issues/87500,,,,Open
219,105220,Table - Add Proper Cross-Tabulation / Pivot Table / Matrix With Multiple Rows AND Columns,https://github.com/grafana/grafana/issues/105220,,,,Open
220,83415,Enable hierarchical table view,https://github.com/grafana/grafana/issues/83415,,,,Open
221,86473,Subfolder support for Dashboard List panel,https://github.com/grafana/grafana/issues/86473,,,,Open
222,81287,Azure Monitor: Regex does not work in Variable definitions for Subscriptions,https://github.com/grafana/grafana/issues/81287,,,,Open
223,111828,Visualizations: Rendering issues on Safari 26,https://github.com/grafana/grafana/issues/111828,,,,Open
224,110139,Deduplication of screenshots for firing instances that belong to same panel,https://github.com/grafana/grafana/issues/110139,,,,Open
225,111334,DataViz: Multi-lane annotations,https://github.com/grafana/grafana/issues/111334,,,,Open
226,110101,Grafana Assistant: Amazon Athena support,https://github.com/grafana/grafana/issues/110101,,,,Open
227,110354,High PostgreSQL load after upgrade from 11.1.3 to 12.1.1,https://github.com/grafana/grafana/issues/110354,,,,Open
228,111073,State Timeline: error if all serries hidden,https://github.com/grafana/grafana/issues/111073,,,,Open
229,80040,let the order of repeated panels be controlled by the order of the repeat-variable in the URL,https://github.com/grafana/grafana/issues/80040,,,,Open
230,112980,Shore up DataViz test coverage,https://github.com/grafana/grafana/issues/112980,,,,Open
232,105372,State timeline: legend does not respect configured width,https://github.com/grafana/grafana/issues/105372,,,,Open
233,106287,Dashboards: Have option to require button click for dashboard refresh instead of it being automatic,https://github.com/grafana/grafana/issues/106287,,,,Open
234,105204,Explore: Shared crosshair is not shown in split view,https://github.com/grafana/grafana/issues/105204,,,,Open
235,89808,Node Graph does not automatically up scale time units,https://github.com/grafana/grafana/issues/89808,,,,Open
236,109753,Geomap: Network Layer Add support for Legend on Edge Data,https://github.com/grafana/grafana/issues/109753,,,,Open
237,72361,Alerting: Filter paused alerts in Alert Rules view,https://github.com/grafana/grafana/issues/72361,,,,Open
238,102848,Docker: the latest (v11.6.0) Docker image for ARM64 is broken,https://github.com/grafana/grafana/issues/102848,,,,Open
239,73693,"[Epic] Heading consistency across Grafana (incorrect hierarchy, additional headings required, incorrect headings)",https://github.com/grafana/grafana/issues/73693,,,,Open
240,112687,Security Vulnerability: github.com/envoyproxy/go-control-plane/envoy v1.32.4 end of support,https://github.com/grafana/grafana/issues/112687,,,,Open
240,88033,Inner Join is not working correctly,https://github.com/grafana/grafana/issues/88033,,,,Open
241,91293,[New Data Source] Zoom,https://github.com/grafana/grafana/issues/91293,,,,Open
242,96154,Grafana 11.3 panel link to another dashboard with variables inside not recognised by destination dashboard,https://github.com/grafana/grafana/issues/96154,,,,Open
243,94449,Node Graph multiple arcs do not display - console error,https://github.com/grafana/grafana/issues/94449,,,,Open
244,94304,Advanced Variable template with escaped values parses incorrectly on load.,https://github.com/grafana/grafana/issues/94304,,,,Open
245,89263,Heatmap: Native histogram buckets with negative boundaries aren't displayed,https://github.com/grafana/grafana/issues/89263,,,,Open
246,56387,Provisioning API returns generic error for invalid duration,https://github.com/grafana/grafana/issues/56387,,,,Open
247,110735,"Incorrect handling of variable with ""Include All option"" enabled and ""Multi-value"" disabled for InfluxDB in Editor mode",https://github.com/grafana/grafana/issues/110735,,,,Open
248,114336,Alerting: breakage loading the config after upgrading to 12.3.0,https://github.com/grafana/grafana/issues/114336,,,,Open
249,50694,Alerting: Alert list panel updates,https://github.com/grafana/grafana/issues/50694,,,,Open
250,108147,Tracing: Red Span Color in Dark Mode,https://github.com/grafana/grafana/issues/108147,,,,Open
251,110496,[New Data Source]: <MariaDb>,https://github.com/grafana/grafana/issues/110496,,,,Open
252,76902,postgres: materialized views do not appear in the query editor's select boxes,https://github.com/grafana/grafana/issues/76902,,,,Open
253,110359,Jaeger: Regression in events timestamp,https://github.com/grafana/grafana/issues/110359,,,,Open
254,110625,"Dashboards: heatmap displays 'TypeError: can't access property ""config"", f is undefined' when query returns no data",https://github.com/grafana/grafana/issues/110625,,,,Open
255,110896,Alerting: Recording rules datasources don't merge custom headers leading to 401,https://github.com/grafana/grafana/issues/110896,,,,Open
256,111240,"Jaeger datasource: Listing operations in Explore return 404 if Service Name contains ""/""",https://github.com/grafana/grafana/issues/111240,,,,Open
257,118966,Field Overrides: Log level color scheme,https://github.com/grafana/grafana/issues/118966,,,,Open
258,111808,Tempo: Autocomplete Issues,https://github.com/grafana/grafana/issues/111808,,,,Open
259,114584,Grafana heatmap panel is not able to render Prometheus NHCB (Native Histogram Custom Buckets),https://github.com/grafana/grafana/issues/114584,,,,Open
260,107452,"Canvas: Revisit ""No data"" when trying to visualize metric values from multiple queries",https://github.com/grafana/grafana/issues/107452,,,,Open
261,48138,Wrongly escaped apostrophe in label value variable,https://github.com/grafana/grafana/issues/48138,,,,Open
262,116545,Alerting: Add single-node evaluation option for HA mode,https://github.com/grafana/grafana/issues/116545,,,,Open
263,82950,Enhanced security model / actual ReadOnly permission level,https://github.com/grafana/grafana/issues/82950,,,,Open
264,120431,[Oracle] When Row Limit is configured let the user know,https://github.com/grafana/grafana/issues/120431,,,,Open
265,101348,Google Cloud Monitoring datasource MQL deprecation,https://github.com/grafana/grafana/issues/101348,,,,Open
266,97998,Y axis min & max should consider template variables defined values,https://github.com/grafana/grafana/issues/97998,,,,Open
267,118962,"Constant messages of log level ""logger=dashboard-service""",https://github.com/grafana/grafana/issues/118962,,,,Open
268,103110,"Alerting: Enable templating in additional contact point fields: Email.to, Slack.channel, and more.",https://github.com/grafana/grafana/issues/103110,,,,Open
269,112009,Geomap Panel: Fit to Data not re-fitting to subselection/drill down,https://github.com/grafana/grafana/issues/112009,,,,Open
270,112327,Allow date formatting (:date) and time math on arbitrary variables (not just __from / __to),https://github.com/grafana/grafana/issues/112327,,,,Open
271,82831,Stat panel: Separate y-axis scale for each series graph,https://github.com/grafana/grafana/issues/82831,,,,Open
272,120470,Elasticsearch: Lucene query is cleared after changing agg,https://github.com/grafana/grafana/issues/120470,,,,Open
273,108364,Dashboard: Dashboard variables -> Query options Label filters not working on v12.0.1,https://github.com/grafana/grafana/issues/108364,,,,Open
274,21713,Different values for interval based on datasource,https://github.com/grafana/grafana/issues/21713,,,,Open
275,100114,Upgrade HA-cluster - Documentation feedback: /docs/sources/setup-grafana/set-up-for-high-availability.md,https://github.com/grafana/grafana/issues/100114,,,,Open
276,110480,Prometheus: Add configuration option to hide warnings on the UI,https://github.com/grafana/grafana/issues/110480,,,,Open
277,102631,Dashboards: Time series panel legend: allow text wrapping and/or line feed characters,https://github.com/grafana/grafana/issues/102631,,,,Open
278,116588,End-of-Life (EOL) Dependency Identified: Grafana Loki v3.2.1,https://github.com/grafana/grafana/issues/116588,,,,Open
279,119810,Datasources: PostgreSQL datasource fails to connect when maxOpenConns=0 (pgxpool error MaxSize must be >= 1 ),https://github.com/grafana/grafana/issues/119810,,,,Open
280,121283,Unified Storage: Startup migration writes temp Parquet file to /tmp/ breaking read-only root filesystem,https://github.com/grafana/grafana/issues/121283,,,,Open
281,118932,Prometheus: Remove aws and azure authentication,https://github.com/grafana/grafana/issues/118932,,,,Open
282,98920,"Epic: Clean up, optimize, and improve code editors",https://github.com/grafana/grafana/issues/98920,,,,Open
283,98448,"Snapshots: Cannot create a snapshot of ""non-existing"" dashboard on 11.x",https://github.com/grafana/grafana/issues/98448,,,,Open
284,114663,[auth.jwt]: Configure multiple JWT auth providers (or JWKS URLs),https://github.com/grafana/grafana/issues/114663,,,,Open
285,83001,Google Cloud Managed Service for Prometheus support,https://github.com/grafana/grafana/issues/83001,,,,Open
286,115277,Product Area: V12 Table Legend cuts off text compared to V8,https://github.com/grafana/grafana/issues/115277,,,,Open
287,82993,Text Panel: Support render HTML/markdown using templating of data source query response,https://github.com/grafana/grafana/issues/82993,,,,Open
288,106038,Annotations not working when toggling on and off,https://github.com/grafana/grafana/issues/106038,,,,Open
289,82485,Ability to search for a dashboard if a tag does not exist,https://github.com/grafana/grafana/issues/82485,,,,Open
290,114770,VS Code Extension integration: Dashboard not Found,https://github.com/grafana/grafana/issues/114770,,,,Open
291,93773,Grafana: enforce_domain shouldn't apply to localhost API calls or redirect with 308,https://github.com/grafana/grafana/issues/93773,,,,Open
292,115491,LibraryPanels MT: Evaluate remaining work,https://github.com/grafana/grafana/issues/115491,,,,Open
293,112420,Add support for using CloudWatch 'Logs Insights' query type when defining a dashboard variable,https://github.com/grafana/grafana/issues/112420,,,,Open
294,104741,Expanded View for Nested Transformation Table by Default,https://github.com/grafana/grafana/issues/104741,,,,Open
295,113014,CloudWatch: Adding RDS Performance Insights and Enhanced Monitoring Metrics to AWS/RDS Namespace,https://github.com/grafana/grafana/issues/113014,,,,Open
296,114624,Failed to build evaluator for queries and expressions,https://github.com/grafana/grafana/issues/114624,,,,Open
297,109873,Alerting: Expose per-rule full processing duration,https://github.com/grafana/grafana/issues/109873,,,,Open
298,99641,Geomap: marker color by time does not seem to range correctly,https://github.com/grafana/grafana/issues/99641,,,,Open
299,77793,InfluxDB: Incorrect Handling of the <> Operator,https://github.com/grafana/grafana/issues/77793,,,,Open
300,73738,Mobile date picker hidden in extra menu,https://github.com/grafana/grafana/issues/73738,,,,Open
301,9287,[Feature Request] Lock cursor position with shared crosshairs,https://github.com/grafana/grafana/issues/9287,,,,Open
302,93226,server admin role is missing,https://github.com/grafana/grafana/issues/93226,,,,Open
303,89415,Improve Loading Indicator for Streaming,https://github.com/grafana/grafana/issues/89415,,,,Open
304,39756,Unit not shown in State timeline tooltip,https://github.com/grafana/grafana/issues/39756,,,,Open
305,71816,New dashboard: Incorrect dbs name in query,https://github.com/grafana/grafana/issues/71816,,,,Open
306,73657,Alerting: unable to configure webhook notification timeout,https://github.com/grafana/grafana/issues/73657,,,,Open
307,111314,Website: slack.grafana.com is dead,https://github.com/grafana/grafana/issues/111314,,,,Open
308,74583,Add organization by grafana.ini,https://github.com/grafana/grafana/issues/74583,,,,Open
309,65190,"MySQL+HA: Users get logged out from Grafana HA w/ shared mysql db, ""failed to look up session from cookie"",",https://github.com/grafana/grafana/issues/65190,,,,Open
310,74426,"status code 500 for cannot delete with provided provenance '', needs 'api'",https://github.com/grafana/grafana/issues/74426,,,,Open
311,107678,Plugins installer should inherit permissions if possible,https://github.com/grafana/grafana/issues/107678,,,,Open
312,95393,Alerting: Alertmanager 0.28.0 support,https://github.com/grafana/grafana/issues/95393,,,,Open
313,79548,scaling repeated panles to the same height on the y-axis,https://github.com/grafana/grafana/issues/79548,,,,Open
314,112029,Configurable y-axis tick interval,https://github.com/grafana/grafana/issues/112029,,,,Open
315,51047,Grafana cannot run with a CSP that doesn't allow unsafe-inline,https://github.com/grafana/grafana/issues/51047,,,,Open
316,112039,"Add ""Show Time"" Parameter to Log Panel Controls for Optional Timestamp Display",https://github.com/grafana/grafana/issues/112039,,,,Open
317,111413,New unit - allow specifying number of significant figures rather than number of decimals,https://github.com/grafana/grafana/issues/111413,,,,Open
318,112175,Logs Panel: noValue support,https://github.com/grafana/grafana/issues/112175,,,,Open
319,107411,Canvas: Incorrect Element Positioning When Changing Type with Non-Top/Left Constraints,https://github.com/grafana/grafana/issues/107411,,,,Open
320,107282,Variables: Expand variable to allow for more data with anything having duplicate values,https://github.com/grafana/grafana/issues/107282,,,,Open
321,58332,Google Cloud Monitoring: Provide the same builder UX that GCM console,https://github.com/grafana/grafana/issues/58332,,,,Open
322,113681,"State Timeline: Add ""Tooltip: Hover Proximity"" setting.",https://github.com/grafana/grafana/issues/113681,,,,Open
323,105355,"Dashboards: Repeated rows display stale panel state when switching multi-value variable from ""All"" to single value",https://github.com/grafana/grafana/issues/105355,,,,Open
324,105460,Alerting: Improve alert history timeline visualization for evicted instances,https://github.com/grafana/grafana/issues/105460,,,,Open
325,105839,Alerting: Notifications sent to a contact point ignore mute timings,https://github.com/grafana/grafana/issues/105839,,,,Open
326,104374,Repeated rows are not refreshed after change of variable - Grafana v12.0.0,https://github.com/grafana/grafana/issues/104374,,,,Open
327,105285,"Feature request: when choosing a variable from a single-choice dropdown, the dropdown should scroll to the currently selected item",https://github.com/grafana/grafana/issues/105285,,,,Open
328,105236,feat(template variables): feature toggle for browser autocomplete for variable inputs,https://github.com/grafana/grafana/issues/105236,,,,Open
329,106054,Geomap: [.WebGL-0x23b4096da300] GL_INVALID_OPERATION: Insufficient buffer size,https://github.com/grafana/grafana/issues/106054,,,,Open
330,105515,"LDAP authentication error ""EOF""",https://github.com/grafana/grafana/issues/105515,,,,Open
331,82592,OptionsPicker should open with the last selected entry,https://github.com/grafana/grafana/issues/82592,,,,Open
332,115750,Elastic search: Make advance options for code editor,https://github.com/grafana/grafana/issues/115750,,,,Open
333,113049,aleting db sync: grafana db slow after upgrading from 11.4 to 12.2 due to alertingSaveStateCompressed enabled,https://github.com/grafana/grafana/issues/113049,,,,Open
334,115157,pdcInjected field causing drift,https://github.com/grafana/grafana/issues/115157,,,,Open
335,113993,AppChrome/Dashboards: Replace second level navbar with side toolbar [Epic],https://github.com/grafana/grafana/issues/113993,,,,Open
336,106336,Contact Points permissions are not working properly,https://github.com/grafana/grafana/issues/106336,,,,Open
337,115104,[Grafana Cloud] Deprecate and remove installing plugins from grafana.com,https://github.com/grafana/grafana/issues/115104,,,,Open
338,96107,Dashboards: Changing timezone does not update time range object properly,https://github.com/grafana/grafana/issues/96107,,,,Open
339,80779,Time Series widget: Weird stacking behaviour since Grafana V9.x,https://github.com/grafana/grafana/issues/80779,,,,Open
340,54802,Public Dashboards: Library Panels not Working,https://github.com/grafana/grafana/issues/54802,,,,Open
341,90858,"Thresholds: Saving dashboard emits or purges unnecessary ""value"": null in JSON",https://github.com/grafana/grafana/issues/90858,,,,Open
342,102589,XY Chart + InfluxDB2 + InfluxQL: cannot show/hide clicking on label,https://github.com/grafana/grafana/issues/102589,,,,Open
343,112196,Canvas: Dynamic connection line animation should stop when value is 0,https://github.com/grafana/grafana/issues/112196,,,,Open
344,104044,Add additional data sets (or add the ability to add custom data sets) to the Lookup Fields from Resource Transformation,https://github.com/grafana/grafana/issues/104044,,,,Open
345,115439,Alerting: Support reusable query templates with placeholders in the UI,https://github.com/grafana/grafana/issues/115439,,,,Open
346,82552,URL to silence,https://github.com/grafana/grafana/issues/82552,,,,Open
347,96958,Geomap variables,https://github.com/grafana/grafana/issues/96958,,,,Open
348,115026,New Logs Panel: Copy displayed fields,https://github.com/grafana/grafana/issues/115026,,,,Open
349,114469,Combobox: Width not working as expected,https://github.com/grafana/grafana/issues/114469,,,,Open
350,14619,Explore: Allow setting 'min step' to a value lower than auto calculated value,https://github.com/grafana/grafana/issues/14619,,,,Open
351,10144,[Feature Request] Zoom-in without reloading data,https://github.com/grafana/grafana/issues/10144,,,,Open
352,112877,"Remove trailing zeroes when setting ""decimals""",https://github.com/grafana/grafana/issues/112877,,,,Open
353,112518,Dashboard: replacement of __inputs incorrect at import for file-based provisioning,https://github.com/grafana/grafana/issues/112518,,,,Open
354,114583,Include / exclude ad-hoc filters on specific panels,https://github.com/grafana/grafana/issues/114583,,,,Open
355,96944,Dashboards: Kiosk mode keyboard shortcut not working,https://github.com/grafana/grafana/issues/96944,,,,Open
356,76032,Display alert condition on a panel,https://github.com/grafana/grafana/issues/76032,,,,Open
357,118173,Internal metrics: /metrics endpoint is publicly exposed by default with no auth,https://github.com/grafana/grafana/issues/118173,,,,Open
358,51303,List arm64 Mac binaries of grafana releases on grafana.com,https://github.com/grafana/grafana/issues/51303,,,,Open
359,101539,Polar Plot Capability Directly from Grafana,https://github.com/grafana/grafana/issues/101539,,,,Open
360,98418,"Dashboards:: In Grafana version 11, the behavior changes when the value of template variables is set to true compared to previous versions.",https://github.com/grafana/grafana/issues/98418,,,,Open
361,82209,XY Chart: Improve handling of null values,https://github.com/grafana/grafana/issues/82209,,,,Open
362,118847,Add ability to send logs via OpenTelemetry to collector,https://github.com/grafana/grafana/issues/118847,,,,Open
363,99094,"""Bad Request Data"" when posting an alert to the built-in alertmanager via /api/alertmanager/grafana/api/v2/alerts",https://github.com/grafana/grafana/issues/99094,,,,Open
364,101887,"Having two tabs open and edit the same dashboard, it allowed med to overwrite the changes from the other tab without warning",https://github.com/grafana/grafana/issues/101887,,,,Open
365,114678,Add IaC support (Terraform/API) for creating Service Center services,https://github.com/grafana/grafana/issues/114678,,,,Open
366,120081,Annotations: Tags not displaying in created annotations if first annotation in range does not have tags,https://github.com/grafana/grafana/issues/120081,,,,Open
367,60142,"Explore: Would like ""Add to rule"" alongside ""Add to dashboard"" in explore",https://github.com/grafana/grafana/issues/60142,,,,Open
368,60097,Ability for plugins to generate Explore URLs,https://github.com/grafana/grafana/issues/60097,,,,Open
369,62747,Query imports: Manual cancellation,https://github.com/grafana/grafana/issues/62747,,,,Open
370,99520,FrontEnd / UI: Dropdown search is missing,https://github.com/grafana/grafana/issues/99520,,,,Open
371,101130,Alerting: PUT on /api/v1/provisioning/templates always returns 404,https://github.com/grafana/grafana/issues/101130,,,,Open
372,100821,"Grafana 11.5.1: some dashboards cannot be loaded, browser crashes",https://github.com/grafana/grafana/issues/100821,,,,Open
373,101761,Inspect data -> copy to clipboard,https://github.com/grafana/grafana/issues/101761,,,,Open
374,95168,OAuth: Support client_secret_jwt for oauth providers when doing token exchange,https://github.com/grafana/grafana/issues/95168,,,,Open
375,113651,State timeline perPage cue definition is incorrect,https://github.com/grafana/grafana/issues/113651,,,,Open
376,82942,Elasticsearch: Support to show more columns than message and log level when visualizing logs in explore,https://github.com/grafana/grafana/issues/82942,,,,Open
377,97613,Transformations: Time series to table transformation issue,https://github.com/grafana/grafana/issues/97613,,,,Open
378,98508,Grafana Alerting: Inability to select a provisioned evaluation group when creating a new alert rule,https://github.com/grafana/grafana/issues/98508,,,,Open
379,97324,SPDX SBOM not being attached to release,https://github.com/grafana/grafana/issues/97324,,,,Open
381,105357,Dashboard: Kiosk Mode: No option to hide variables in kiosk mode,https://github.com/grafana/grafana/issues/105357,,,,Open
382,113649,Server-side Pagination for SQL Datasources,https://github.com/grafana/grafana/issues/113649,,,,Open
386,105165,Snapshots HTTP API should embed data !,https://github.com/grafana/grafana/issues/105165,,,,Open
388,109239,AWS Inspector Security Scan reports false positive CVEs in grafana after Go 1.24 upgrade,https://github.com/grafana/grafana/issues/109239,,,,Open
389,104438,grafana-server: 11.6.1 crash (SIGILL: illegal instruction) after upgrade on arm64,https://github.com/grafana/grafana/issues/104438,,,,Open
392,108488,Discovery: Customizable tooltips for users and plugins,https://github.com/grafana/grafana/issues/108488,,,,Open
386,103194,Extensions UI: Make Panels consistently access extensions,https://github.com/grafana/grafana/issues/103194,,,,Open
387,102892,Dashboards: inefficiencies in client-side transformations,https://github.com/grafana/grafana/issues/102892,,,,Open
388,103705,Multi-Select Variables: Can't remove specific variable when window is expanded,https://github.com/grafana/grafana/issues/103705,,,,Open
389,96534,Sorting of queries from different data sources,https://github.com/grafana/grafana/issues/96534,,,,Open
390,116851,alerting: make e-mails grouped in clients,https://github.com/grafana/grafana/issues/116851,,,,Open
391,82623,Distroless grafana image,https://github.com/grafana/grafana/issues/82623,,,,Open
392,118147,Add Sorting function to alerting template language,https://github.com/grafana/grafana/issues/118147,,,,Open
393,93748,feature request: add sprig library or other library for templating support,https://github.com/grafana/grafana/issues/93748,,,,Open
394,103864,[New Data Source]: Hashicorp cloud platform for terraform,https://github.com/grafana/grafana/issues/103864,,,,Open
395,104702,UTC ${__from:date:YYYY-MM},https://github.com/grafana/grafana/issues/104702,,,,Open
396,104582,Grafana 11.6.1 DB Migration fails for MariaDB 10.11.6-MariaDB with error Unknown system variable 'transaction_isolation',https://github.com/grafana/grafana/issues/104582,,,,Open
397,98714,Dashboards: Fractional panel widths no longer working since 11.3.x,https://github.com/grafana/grafana/issues/98714,,,,Open
398,92763,RBAC: Unable to let Service Account create alerts within allowed folder.,https://github.com/grafana/grafana/issues/92763,,,,Open
399,110740,Grafana datasource: Datasource provisioning error: data source not found,https://github.com/grafana/grafana/issues/110740,,,,Open
400,111640,[New Data Source]: Action1,https://github.com/grafana/grafana/issues/111640,,,,Open
401,108914,Pyroscope: Multi-value variable expands incorrectly,https://github.com/grafana/grafana/issues/108914,,,,Open
402,110033,Dashboards: Template variable queries failing result in variable references being blank,https://github.com/grafana/grafana/issues/110033,,,,Open
403,114668,Prometheus: Escape regex characters in label values,https://github.com/grafana/grafana/issues/114668,,,,Open
404,114885,Dashboards: TraceQL trace id variable interpolation does not work,https://github.com/grafana/grafana/issues/114885,,,,Open
405,111666,Alerting: Interval is not taken from data source but 1s by default,https://github.com/grafana/grafana/issues/111666,,,,Open
406,111710,Dashboard variable: Custom values wrong escaped and Breaks query,https://github.com/grafana/grafana/issues/111710,,,,Open
407,101628,"TraceQL comments fail when they have certain text e.g., | count_over_time()",https://github.com/grafana/grafana/issues/101628,,,,Open
408,101900,trace2logs on the built-in grafanacloud-xxx-traces datasource is confusing,https://github.com/grafana/grafana/issues/101900,,,,Open
409,93657,"Dashboards: Inappropriate save actions, asking for save changes even when i have not made any changes.",https://github.com/grafana/grafana/issues/93657,,,,Open
410,57543,"Time Series Panel: Support ""TimeSeriesLong"" without a User added Transform",https://github.com/grafana/grafana/issues/57543,,,,Open
411,90555,Time series: Connect null values not working when stacking line charts from two queries,https://github.com/grafana/grafana/issues/90555,,,,Open
412,114048,Support OpenID Connect .well-known for simpler configuration,https://github.com/grafana/grafana/issues/114048,,,,Open
413,82888,Use Math Expression value in PromQL Query,https://github.com/grafana/grafana/issues/82888,,,,Open
414,117607,Tempo:  Search query generates traceQL tag values that are not wrapped in quotes.,https://github.com/grafana/grafana/issues/117607,,,,Open
415,101542,State Timeline: Support series names above the timeline bars,https://github.com/grafana/grafana/issues/101542,,,,Open
416,117718,DOCS: Remove Ref URIs from core data sources,https://github.com/grafana/grafana/issues/117718,,,,Open
419,116456,JWT Auth: Allow insecure JWKS URLs,https://github.com/grafana/grafana/issues/116456,,,,Open
420,82666,Trend Panel Plugin feature request (zoom in and out),https://github.com/grafana/grafana/issues/82666,,,,Open
419,113151,Azure Monitor Metric Dimension Filter without Splitting,https://github.com/grafana/grafana/issues/113151,,,,Open
420,96600,Dashboard data source: Library panel source overwrites other dashboards using the same library panel,https://github.com/grafana/grafana/issues/96600,,,,Open
421,107168,"""connection reset by peer"" in an openshift/k8s environment",https://github.com/grafana/grafana/issues/107168,,,,Open
422,119603,Failed to assume role and connect to AWS managed prometheus in version 12.4. reverting to 12.3.3 solved issue,https://github.com/grafana/grafana/issues/119603,,,,Open
423,82024,Dashboards: Template Variables Don't Work With Regex,https://github.com/grafana/grafana/issues/82024,,,,Open
424,109248,Dashboards: Nondeterministic folder structure,https://github.com/grafana/grafana/issues/109248,,,,Open
425,109337,"ssoSettingsLDAP seems to not fully apply ldap.toml, breaking ldap authentication",https://github.com/grafana/grafana/issues/109337,,,,Open
426,119400,Metrics Drilldown: Cannot get primary label from URL error reported while navigating,https://github.com/grafana/grafana/issues/119400,,,,Open
427,97124,Exemplar toggle at dashboard level,https://github.com/grafana/grafana/issues/97124,,,,Open
428,96643,[Feature Request] Address Nav Bar Crowding,https://github.com/grafana/grafana/issues/96643,,,,Open
429,93785,Can a background image be added to the  panel?,https://github.com/grafana/grafana/issues/93785,,,,Open
430,94826,"Table Sparklines: option to apply a shared min, max, soft min, soft max, across all cells in a row, column, or entire table",https://github.com/grafana/grafana/issues/94826,,,,Open
431,66363,ID 256175: [Supporting the platform -Simon – Search Quick Ranges]: Contents present under “Absolute time range” blade disappear after resizing the page to 200% Zoom.,https://github.com/grafana/grafana/issues/66363,,,,Open
432,114314,New Logs Visualization: Follow up features and upgrades,https://github.com/grafana/grafana/issues/114314,,,,Open
433,79918,custom regex-based groups (like All ) for (multi-value) variables,https://github.com/grafana/grafana/issues/79918,,,,Open
434,82931,Tempo | Service Graph / Span Metrics | Configurable Metrics Names,https://github.com/grafana/grafana/issues/82931,,,,Open
435,120377,Datasource: Azure Data Explorer source auth via Managed Identity stopped working 12.4.1,https://github.com/grafana/grafana/issues/120377,,,,Open
436,117541,Recent / Recommended values icon,https://github.com/grafana/grafana/issues/117541,,,,Open
437,120097,Annotations: Incorrect annotation id type,https://github.com/grafana/grafana/issues/120097,,,,Open
438,83865,Docker: use command instead of entrypoint,https://github.com/grafana/grafana/issues/83865,,,,Open
439,120727,Prometheus: Fetch new labels ater the cursor moves out of the limit input,https://github.com/grafana/grafana/issues/120727,,,,Open
440,113960,Join relevant channels,https://github.com/grafana/grafana/issues/113960,,,,Open
441,113873,GrafanaUI: Create drafts of high-level documentation copy,https://github.com/grafana/grafana/issues/113873,,,,Open
442,113872,GrafanaUI: Create new storybook high-level documentation outline,https://github.com/grafana/grafana/issues/113872,,,,Open
443,114338,"Pressing ""Save dashboard"" does not update other instances after 12.1.4->12.2.0",https://github.com/grafana/grafana/issues/114338,,,,Open
444,114526,Enterprise license validation sometimes uses outdated token from disk instead of DB,https://github.com/grafana/grafana/issues/114526,,,,Open
445,114527,[New Data Source]: Huawei Cloud Eye & Huawei Log tank Service,https://github.com/grafana/grafana/issues/114527,,,,Open
446,114509,"Snapshots: Snapshot of repeated panel shows multiple panels, not single",https://github.com/grafana/grafana/issues/114509,,,,Open
447,114416,Grafana SQL: SQL expression not working with multiple columns on Grafana OSS v12.2,https://github.com/grafana/grafana/issues/114416,,,,Open
448,114481,Add fill area between series support to XY Chart (fillBelowTo),https://github.com/grafana/grafana/issues/114481,,,,Open
449,101389,Datasource: Error when adding Mimir alert manager data source,https://github.com/grafana/grafana/issues/101389,,,,Open
450,93307,Support for a Montage dashboard (custom collections of graphs),https://github.com/grafana/grafana/issues/93307,,,,Open
451,107465,ShortURL: Migrate to app platform,https://github.com/grafana/grafana/issues/107465,,,,Open
452,117102,Snapshots: Panels in Tabs not loading data,https://github.com/grafana/grafana/issues/117102,,,,Open
453,117428,Dashboard deletion modal incorrect plural grammar,https://github.com/grafana/grafana/issues/117428,,,,Open
454,117511,Alerting: Deleting a Contact Point used in a Notification Policy leaves the Alertmanager in an inconsistent state,https://github.com/grafana/grafana/issues/117511,,,,Open
455,116526,Alertmanager settings text not displayed,https://github.com/grafana/grafana/issues/116526,,,,Open
456,117443,Tracing: Deprecate and replace uses of tracing.Tracer interface,https://github.com/grafana/grafana/issues/117443,,,,Open
457,91080,"Timeseries: ""Disconnect values"" threshold incorrectly interpreted",https://github.com/grafana/grafana/issues/91080,,,,Open
458,90410,"TimeSeries: ""First"" and ""Last"" values in legend are flipped",https://github.com/grafana/grafana/issues/90410,,,,Open
459,100090,TimePicker: Copy and paste functionality is broken,https://github.com/grafana/grafana/issues/100090,,,,Open
460,81745,BarChart: Consider supporting more data shapes using the histogram transformation,https://github.com/grafana/grafana/issues/81745,,,,Open
461,81849,Time series Panel: Issues with thresholds and overrides with multiple queries,https://github.com/grafana/grafana/issues/81849,,,,Open
462,117489,UI: Cascader custom value story prefixes value with 'Custom Label',https://github.com/grafana/grafana/issues/117489,,,,Open
463,117492,Transformations: Convert field type  Field as enum,https://github.com/grafana/grafana/issues/117492,,,,Open
464,115437,ShortURL: Investigate resource quota and fallback,https://github.com/grafana/grafana/issues/115437,,,,Open
465,48324,[9.0]Complete Angular removal - annotation editors,https://github.com/grafana/grafana/issues/48324,,,,Open
466,48761,Generate models.gen.ts from models.cue for all panel plugins,https://github.com/grafana/grafana/issues/48761,,,,Open
